id,category
0,0.7968683888213763
1,0.614575244218707
2,0.5056252736295388
3,0.6060995497806241
4,0.32836389783464853
5,0.5826099455082484
6,0.7672306052540087
7,0.594745138374065
8,0.6619492239490756
9,0.37245554217119187
10,0.5865060275427878
11,0.5157162095576062
12,0.8140106802423331
13,0.6747024221470248
14,0.8895063298705336
15,0.4651384866529009
16,0.490030145634569
17,0.5177983842328527
18,0.7752998699478757
19,0.551042426226886
